{"cameraMode":{"drawMode":0,"name":"Shaded","section":"Shading Mode"},"sceneLighting":true,"audioPlay":false,"sceneViewState":{"m_AlwaysRefresh":false,"showFog":true,"showSkybox":true,"showFlares":true,"showImageEffects":true,"showParticleSystems":true,"showVisualEffectGraphs":true,"m_FxEnabled":true},"in2DMode":false,"pivot":{"x":22.936880111694337,"y":0.5643918514251709,"z":26.803747177124025},"rotation":{"x":-0.03639253228902817,"y":-0.7038451433181763,"z":0.03613921254873276,"w":-0.7085213661193848},"size":6.089710712432861,"orthographic":false}